[
  {
    "id": 1,
    "name": "XM",
    "type": "Financial Services",
    "helpType": "Financial Aid & Prevention Measures",
    "amount": "€5,000,000",
    "details": "€5 million pledged to support affected areas and residents. Financial aid for urgent frontline needs and long-term recovery efforts. Initiating wildfire prevention actions to strengthen country's preparedness and resilience.",
    "contact": "Contact through official XM channels",
    "source": "https://in-cyprus.philenews.com/insider/xm-commits-e5-million-to-limassol-fire-relief/",
    "date": "July 24, 2025",
    "status": "Active",
    "tags": ["Financial Aid", "Large Donation", "Prevention", "Recovery", "Major Corporation"]
  },
  {
    "id": 2,
    "name": "City of Dreams Mediterranean",
    "type": "Hospitality/Gaming",
    "helpType": "Daily Meals & Emergency Accommodation",
    "amount": "500 meals/day",
    "details": "Providing up to 500 meals per day to firefighters and those impacted by fires. Made rooms available for temporary accommodation. All 1,800 colleagues ready to help.",
    "contact": "Contact through City of Dreams Mediterranean",
    "source": "https://www.stockwatch.com.cy/en/news/city-of-dreams-mediterranean-supports-communities-affected-by-the-wildfires-by-providing-daily-meals-and-emergency-accommodation",
    "date": "July 25, 2025",
    "status": "Active",
    "tags": ["Food Service", "Accommodation", "Daily Support", "Employee Mobilization", "Hospitality"]
  },
  {
    "id": 3,
    "name": "Alphamega Hypermarkets",
    "type": "Retail/Supermarket",
    "helpType": "Emergency Supplies & Shelter",
    "amount": "Aid packages",
    "details": "Distributing aid packages to volunteers, victims and security forces at Trimiklini supermarket. Store placed at disposal of authorities as emergency shelter for displaced residents.",
    "contact": "Trimiklini supermarket location",
    "source": "https://in-cyprus.philenews.com/local/limassol-fire-alphamega-to-offer-free-aid-packages-at-trimiklini-supermarket/",
    "date": "July 24-25, 2025",
    "status": "Active",
    "tags": ["Emergency Supplies", "Shelter", "Collection Point", "Retail", "Essential Goods"]
  },
  {
    "id": 4,
    "name": "Petrolina",
    "type": "Petroleum/Energy",
    "helpType": "Free Fuel & Volunteer Support",
    "amount": "Free fuel",
    "details": "Provided free fuel for all aerial and ground firefighting vehicles involved in suppression efforts. Supported volunteer initiatives including KitasWeather firefighting team and SupportCY network.",
    "contact": "Contact through Petrolina stations",
    "source": "https://www.cbn.com.cy/article/2025/7/25/849785/cyprus-business-community-steps-up-as-wildfires-ravage-the-island/",
    "date": "July 2025",
    "status": "Active",
    "tags": ["Energy", "Free Fuel", "Volunteer Support", "Firefighting Support"]
  },
  {
    "id": 5,
    "name": "Cyprus Red Cross Society",
    "type": "Humanitarian Organization",
    "helpType": "Emergency Aid Collection & Distribution",
    "amount": "Aid distribution",
    "details": "Temporarily suspended collection of essential items due to overwhelming public donations. Volume exceeded processing capacity. Will resume after distributing supplies already gathered.",
    "contact": "Cyprus Red Cross offices",
    "source": "https://knews.kathimerini.com.cy/en/news/overflowing-generosity-pauses-aid-drive-cyprus-red-cross-says",
    "date": "July 26, 2025",
    "status": "Paused",
    "tags": ["Humanitarian", "Aid Distribution", "Collection Point", "Overwhelmed Response"]
  },
  {
    "id": 6,
    "name": "Cyta",
    "type": "Telecommunications",
    "helpType": "Bill Relief & Service Support",
    "amount": "Service waivers",
    "details": "Suspension of disconnections for unpaid July bills. Waived August charges for mobile, fixed telephone, television and internet services in affected communities.",
    "contact": "Cyta customer service",
    "source": "https://in-cyprus.philenews.com/local/fire-damaged-communities-remain-without-power-191-homes-destroyed/",
    "date": "July 26, 2025",
    "status": "Active",
    "tags": ["Telecommunications", "Bill Relief", "Service Support", "Community Support"]
  },
  {
    "id": 7,
    "name": "TechIsland",
    "type": "Technology Association",
    "helpType": "Fundraising Campaign",
    "amount": "Tech industry funds",
    "details": "Launched donation drive among member tech companies. Raising funds for communities impacted by fires. Funds to be allocated in consultation with authorities based on specific needs.",
    "contact": "tanya@thetechisland.org",
    "source": "https://www.cbn.com.cy/article/2025/7/25/849785/cyprus-business-community-steps-up-as-wildfires-ravage-the-island/",
    "date": "July 2025",
    "status": "Active",
    "tags": ["Technology", "Fundraising", "Association", "Industry Coordination"]
  },
  {
    "id": 8,
    "name": "Ygia Group",
    "type": "Healthcare",
    "helpType": "Comprehensive Medical & Accommodation Support",
    "amount": "Medical services",
    "details": "Five-part assistance plan: Free accommodation at EDEN facilities, free meals and medical care, free ambulance transport, medical teams to front lines, medical supplies delivery.",
    "contact": "Ygia Group facilities",
    "source": "https://www.cbn.com.cy/article/2025/7/25/849785/cyprus-business-community-steps-up-as-wildfires-ravage-the-island/",
    "date": "July 2025",
    "status": "Active",
    "tags": ["Healthcare", "Medical Care", "Accommodation", "Emergency Services", "Comprehensive Support"]
  },
  {
    "id": 9,
    "name": "Cyprus Hotel Association",
    "type": "Hospitality Association",
    "helpType": "Free Accommodation",
    "amount": "Multiple hotels",
    "details": "More than ten hotels belonging to Cyprus Hotel Association expressed interest in providing free accommodation for as long as needed to wildfire victims.",
    "contact": "Christos Angelides, General Director",
    "source": "https://in-cyprus.philenews.com/local/cyprus-hotels-free-accommodation-wildfire-victims-unions-support/",
    "date": "July 24, 2025",
    "status": "Active",
    "tags": ["Hospitality", "Multiple Hotels", "Long-term Accommodation", "Association Coordination"]
  },
  {
    "id": 10,
    "name": "GDEV",
    "type": "Technology Company",
    "helpType": "Response Hub & AI Bot",
    "amount": "Technology services",
    "details": "Set up internal response hub for verified updates, volunteer opportunities, and animal support. Created @ember_eye_bot AI-powered Telegram bot for wildfire intelligence.",
    "contact": "GDEV team, tanya@thetechisland.org",
    "source": "https://www.cbn.com.cy/article/2025/7/25/849840/gdev-sets-up-internal-response-hub-for-wildfire-efforts/",
    "date": "July 25, 2025",
    "status": "Active",
    "tags": ["Technology", "AI Bot", "Response Hub", "Volunteer Coordination", "Real-time Intelligence"]
  },
  {
    "id": 11,
    "name": "Animal Health Veterinary Clinic",
    "type": "Veterinary Services",
    "helpType": "Free Animal Treatment",
    "amount": "Free veterinary care",
    "details": "Dr. Marines Nicolaou providing free emergency treatment for animals affected by wildfire.",
    "contact": "25583334",
    "source": "https://in-cyprus.philenews.com/local/cyprus-veterinary-clinics-free-treatment-wildfire-animals-limassol/",
    "date": "July 24, 2025",
    "status": "Active",
    "tags": ["Veterinary", "Animal Care", "Free Treatment", "Emergency Care", "Limassol"]
  },
  {
    "id": 12,
    "name": "Blue Cross Veterinary Clinic",
    "type": "Veterinary Services",
    "helpType": "Free Animal Treatment",
    "amount": "Free veterinary care",
    "details": "Providing free emergency treatment for animals affected by wildfire.",
    "contact": "25570444",
    "source": "https://in-cyprus.philenews.com/local/cyprus-veterinary-clinics-free-treatment-wildfire-animals-limassol/",
    "date": "July 24, 2025",
    "status": "Active",
    "tags": ["Veterinary", "Animal Care", "Free Treatment", "Emergency Care", "Limassol"]
  },
  {
    "id": 13,
    "name": "C.Vasiadou hosPETal Vet Clinic",
    "type": "Veterinary Services",
    "helpType": "Free Animal Treatment",
    "amount": "Free veterinary care",
    "details": "Providing free emergency treatment for animals affected by wildfire.",
    "contact": "25253939",
    "source": "https://in-cyprus.philenews.com/local/cyprus-veterinary-clinics-free-treatment-wildfire-animals-limassol/",
    "date": "July 24, 2025",
    "status": "Active",
    "tags": ["Veterinary", "Animal Care", "Free Treatment", "Emergency Care", "Limassol"]
  },
  {
    "id": 14,
    "name": "Limassol Healthy Pet Veterinary Clinic",
    "type": "Veterinary Services",
    "helpType": "Free Animal Treatment",
    "amount": "Free veterinary care",
    "details": "Dr. Avgoustinos Theodorou providing free emergency treatment for animals affected by wildfire.",
    "contact": "25101352",
    "source": "https://in-cyprus.philenews.com/local/cyprus-veterinary-clinics-free-treatment-wildfire-animals-limassol/",
    "date": "July 24, 2025",
    "status": "Active",
    "tags": ["Veterinary", "Animal Care", "Free Treatment", "Emergency Care", "Limassol"]
  },
  {
    "id": 15,
    "name": "Love4pets Veterinary Clinic",
    "type": "Veterinary Services",
    "helpType": "Free Animal Treatment",
    "amount": "Free veterinary care",
    "details": "Providing free emergency treatment for animals affected by wildfire.",
    "contact": "70009082",
    "source": "https://in-cyprus.philenews.com/local/cyprus-veterinary-clinics-free-treatment-wildfire-animals-limassol/",
    "date": "July 24, 2025",
    "status": "Active",
    "tags": ["Veterinary", "Animal Care", "Free Treatment", "Emergency Care", "Limassol"]
  },
  {
    "id": 16,
    "name": "Limassol Veterinary Clinic Ltd",
    "type": "Veterinary Services",
    "helpType": "Free Animal Treatment",
    "amount": "Free veterinary care",
    "details": "Providing free emergency treatment for animals affected by wildfire.",
    "contact": "25338877",
    "source": "https://in-cyprus.philenews.com/local/cyprus-veterinary-clinics-free-treatment-wildfire-animals-limassol/",
    "date": "July 24, 2025",
    "status": "Active",
    "tags": ["Veterinary", "Animal Care", "Free Treatment", "Emergency Care", "Limassol"]
  },
  {
    "id": 17,
    "name": "Pet Center Marios Nikolaou Vasou",
    "type": "Veterinary Services",
    "helpType": "Free Animal Treatment",
    "amount": "Free veterinary care",
    "details": "Providing free emergency treatment for animals affected by wildfire.",
    "contact": "25310792",
    "source": "https://in-cyprus.philenews.com/local/cyprus-veterinary-clinics-free-treatment-wildfire-animals-limassol/",
    "date": "July 24, 2025",
    "status": "Active",
    "tags": ["Veterinary", "Animal Care", "Free Treatment", "Emergency Care", "Limassol"]
  },
  {
    "id": 18,
    "name": "Pawsitive Animal Care Vet Clinic Ltd",
    "type": "Veterinary Services",
    "helpType": "Free Animal Treatment",
    "amount": "Free veterinary care",
    "details": "Dr Aliki Konstantinou providing free emergency treatment for animals affected by wildfire.",
    "contact": "25011611",
    "source": "https://in-cyprus.philenews.com/local/cyprus-veterinary-clinics-free-treatment-wildfire-animals-limassol/",
    "date": "July 24, 2025",
    "status": "Active",
    "tags": ["Veterinary", "Animal Care", "Free Treatment", "Emergency Care", "Limassol"]
  },
  {
    "id": 19,
    "name": "Smart Vet Hub & Mobile Services",
    "type": "Veterinary Services",
    "helpType": "Free Animal Treatment",
    "amount": "Free veterinary care",
    "details": "Mobile veterinary services providing free emergency treatment for animals affected by wildfire.",
    "contact": "70000820",
    "source": "https://in-cyprus.philenews.com/local/cyprus-veterinary-clinics-free-treatment-wildfire-animals-limassol/",
    "date": "July 24, 2025",
    "status": "Active",
    "tags": ["Veterinary", "Animal Care", "Free Treatment", "Emergency Care", "Mobile Services", "Limassol"]
  },
  {
    "id": 20,
    "name": "SH Small Animal Hospital",
    "type": "Veterinary Services",
    "helpType": "Free Animal Treatment",
    "amount": "Free veterinary care",
    "details": "Animal hospital providing free emergency treatment for animals affected by wildfire.",
    "contact": "25724437",
    "source": "https://in-cyprus.philenews.com/local/cyprus-veterinary-clinics-free-treatment-wildfire-animals-limassol/",
    "date": "July 24, 2025",
    "status": "Active",
    "tags": ["Veterinary", "Animal Care", "Free Treatment", "Emergency Care", "Animal Hospital", "Limassol"]
  },
  {
    "id": 21,
    "name": "The Limassol Vets",
    "type": "Veterinary Services",
    "helpType": "Free Animal Treatment",
    "amount": "Free veterinary care",
    "details": "Providing free emergency treatment for animals affected by wildfire.",
    "contact": "25352040",
    "source": "https://in-cyprus.philenews.com/local/cyprus-veterinary-clinics-free-treatment-wildfire-animals-limassol/",
    "date": "July 24, 2025",
    "status": "Active",
    "tags": ["Veterinary", "Animal Care", "Free Treatment", "Emergency Care", "Limassol"]
  },
  {
    "id": 22,
    "name": "Veterinary Clinic - Dr. Andreas Antoniou",
    "type": "Veterinary Services",
    "helpType": "Free Animal Treatment",
    "amount": "Free veterinary care",
    "details": "Dr. Andreas Antoniou providing free emergency treatment for animals affected by wildfire.",
    "contact": "99725411",
    "source": "https://in-cyprus.philenews.com/local/cyprus-veterinary-clinics-free-treatment-wildfire-animals-limassol/",
    "date": "July 24, 2025",
    "status": "Active",
    "tags": ["Veterinary", "Animal Care", "Free Treatment", "Emergency Care", "Limassol"]
  },
  {
    "id": 23,
    "name": "Vet Clinic - Damianos Damianou",
    "type": "Veterinary Services",
    "helpType": "Free Animal Treatment",
    "amount": "Free veterinary care",
    "details": "Damianos Damianou providing free emergency treatment for animals affected by wildfire.",
    "contact": "25711284",
    "source": "https://in-cyprus.philenews.com/local/cyprus-veterinary-clinics-free-treatment-wildfire-animals-limassol/",
    "date": "July 24, 2025",
    "status": "Active",
    "tags": ["Veterinary", "Animal Care", "Free Treatment", "Emergency Care", "Limassol"]
  },
  {
    "id": 24,
    "name": "Vet Clinic Happy-Tail",
    "type": "Veterinary Services",
    "helpType": "Free Animal Treatment",
    "amount": "Free veterinary care",
    "details": "Daniella Katsiari providing free emergency treatment for animals affected by wildfire.",
    "contact": "96647888",
    "source": "https://in-cyprus.philenews.com/local/cyprus-veterinary-clinics-free-treatment-wildfire-animals-limassol/",
    "date": "July 24, 2025",
    "status": "Active",
    "tags": ["Veterinary", "Animal Care", "Free Treatment", "Emergency Care", "Limassol"]
  },
  {
    "id": 25,
    "name": "Vet Cure Vet Clinic",
    "type": "Veterinary Services",
    "helpType": "Free Animal Treatment",
    "amount": "Free veterinary care",
    "details": "Dr. Constantinos Andreou providing free emergency treatment for animals affected by wildfire.",
    "contact": "25251323",
    "source": "https://in-cyprus.philenews.com/local/cyprus-veterinary-clinics-free-treatment-wildfire-animals-limassol/",
    "date": "July 24, 2025",
    "status": "Active",
    "tags": ["Veterinary", "Animal Care", "Free Treatment", "Emergency Care", "Limassol"]
  },
  {
    "id": 26,
    "name": "Veterinary Clinic Pet People",
    "type": "Veterinary Services",
    "helpType": "Free Animal Treatment",
    "amount": "Free veterinary care",
    "details": "Providing free emergency treatment for animals affected by wildfire.",
    "contact": "777777422, 96615918, 97690147",
    "source": "https://in-cyprus.philenews.com/local/cyprus-veterinary-clinics-free-treatment-wildfire-animals-limassol/",
    "date": "July 24, 2025",
    "status": "Active",
    "tags": ["Veterinary", "Animal Care", "Free Treatment", "Emergency Care", "Limassol"]
  },
  {
    "id": 27,
    "name": "Veterinary Clinic Marios Tornou",
    "type": "Veterinary Services",
    "helpType": "Free Animal Treatment",
    "amount": "Free veterinary care",
    "details": "Marios Tornou providing free emergency treatment for animals affected by wildfire.",
    "contact": "25727500, 94210723",
    "source": "https://in-cyprus.philenews.com/local/cyprus-veterinary-clinics-free-treatment-wildfire-animals-limassol/",
    "date": "July 24, 2025",
    "status": "Active",
    "tags": ["Veterinary", "Animal Care", "Free Treatment", "Emergency Care", "Limassol"]
  },
  {
    "id": 28,
    "name": "MP West Limassol Vets",
    "type": "Veterinary Services",
    "helpType": "Free Animal Treatment",
    "amount": "Free veterinary care",
    "details": "Providing free emergency treatment for animals affected by wildfire.",
    "contact": "99150823",
    "source": "https://in-cyprus.philenews.com/local/cyprus-veterinary-clinics-free-treatment-wildfire-animals-limassol/",
    "date": "July 24, 2025",
    "status": "Active",
    "tags": ["Veterinary", "Animal Care", "Free Treatment", "Emergency Care", "Limassol"]
  },
  {
    "id": 29,
    "name": "Veterinary Medical Center (VMC)",
    "type": "Veterinary Services",
    "helpType": "Free Animal Treatment",
    "amount": "Free veterinary care",
    "details": "Medical center providing free emergency treatment for animals affected by wildfire.",
    "contact": "25250035",
    "source": "https://in-cyprus.philenews.com/local/cyprus-veterinary-clinics-free-treatment-wildfire-animals-limassol/",
    "date": "July 24, 2025",
    "status": "Active",
    "tags": ["Veterinary", "Animal Care", "Free Treatment", "Emergency Care", "Medical Center", "Limassol"]
  },
  {
    "id": 30,
    "name": "At The Vets Veterinary Clinic",
    "type": "Veterinary Services",
    "helpType": "Free Animal Treatment",
    "amount": "Free veterinary care",
    "details": "Providing free emergency treatment for animals affected by wildfire.",
    "contact": "25722120",
    "source": "https://in-cyprus.philenews.com/local/cyprus-veterinary-clinics-free-treatment-wildfire-animals-limassol/",
    "date": "July 24, 2025",
    "status": "Active",
    "tags": ["Veterinary", "Animal Care", "Free Treatment", "Emergency Care", "Limassol"]
  },
  {
    "id": 31,
    "name": "VETORAMA Veterinary Clinic",
    "type": "Veterinary Services",
    "helpType": "Free Animal Treatment",
    "amount": "Free veterinary care",
    "details": "Nicosia-based clinic providing free emergency treatment for animals affected by wildfire.",
    "contact": "22341234",
    "source": "https://in-cyprus.philenews.com/local/cyprus-veterinary-clinics-free-treatment-wildfire-animals-limassol/",
    "date": "July 24, 2025",
    "status": "Active",
    "tags": ["Veterinary", "Animal Care", "Free Treatment", "Emergency Care", "Nicosia"]
  },
  {
    "id": 32,
    "name": "Dr. Pet Veterinary Clinic",
    "type": "Veterinary Services",
    "helpType": "Free Animal Treatment",
    "amount": "Free veterinary care",
    "details": "Nicosia-based clinic providing free emergency treatment for animals affected by wildfire.",
    "contact": "22260515",
    "source": "https://in-cyprus.philenews.com/local/cyprus-veterinary-clinics-free-treatment-wildfire-animals-limassol/",
    "date": "July 24, 2025",
    "status": "Active",
    "tags": ["Veterinary", "Animal Care", "Free Treatment", "Emergency Care", "Nicosia"]
  },
  {
    "id": 33,
    "name": "Nicosia Animal Medical Clinic",
    "type": "Veterinary Services",
    "helpType": "Free Animal Treatment",
    "amount": "Free veterinary care",
    "details": "Nicosia-based medical clinic providing free emergency treatment for animals affected by wildfire.",
    "contact": "22038038",
    "source": "https://in-cyprus.philenews.com/local/cyprus-veterinary-clinics-free-treatment-wildfire-animals-limassol/",
    "date": "July 24, 2025",
    "status": "Active",
    "tags": ["Veterinary", "Animal Care", "Free Treatment", "Emergency Care", "Medical Clinic", "Nicosia"]
  },
  {
    "id": 34,
    "name": "Paws & Claws Veterinary Clinic",
    "type": "Veterinary Services",
    "helpType": "Free Animal Treatment",
    "amount": "Free veterinary care",
    "details": "Nicosia-based clinic providing free emergency treatment for animals affected by wildfire.",
    "contact": "99044404",
    "source": "https://in-cyprus.philenews.com/local/cyprus-veterinary-clinics-free-treatment-wildfire-animals-limassol/",
    "date": "July 24, 2025",
    "status": "Active",
    "tags": ["Veterinary", "Animal Care", "Free Treatment", "Emergency Care", "Nicosia"]
  },
  {
    "id": 35,
    "name": "VetCare Veterinary Clinic",
    "type": "Veterinary Services",
    "helpType": "Free Animal Treatment",
    "amount": "Free veterinary care",
    "details": "Nicosia-based clinic providing free emergency treatment for animals affected by wildfire.",
    "contact": "22019900",
    "source": "https://in-cyprus.philenews.com/local/cyprus-veterinary-clinics-free-treatment-wildfire-animals-limassol/",
    "date": "July 24, 2025",
    "status": "Active",
    "tags": ["Veterinary", "Animal Care", "Free Treatment", "Emergency Care", "Nicosia"]
  },
  {
    "id": 36,
    "name": "Ierodiakonou Vet Clinic",
    "type": "Veterinary Services",
    "helpType": "Free Animal Treatment",
    "amount": "Free veterinary care",
    "details": "Nicosia-based clinic providing free emergency treatment for animals affected by wildfire.",
    "contact": "22254647, 99845849",
    "source": "https://in-cyprus.philenews.com/local/cyprus-veterinary-clinics-free-treatment-wildfire-animals-limassol/",
    "date": "July 24, 2025",
    "status": "Active",
    "tags": ["Veterinary", "Animal Care", "Free Treatment", "Emergency Care", "Nicosia"]
  },
  {
    "id": 37,
    "name": "MyVet Veterinary Centre Ltd",
    "type": "Veterinary Services",
    "helpType": "Free Animal Treatment",
    "amount": "Free veterinary care",
    "details": "Larnaca-based center providing free emergency treatment for animals affected by wildfire.",
    "contact": "24250270",
    "source": "https://in-cyprus.philenews.com/local/cyprus-veterinary-clinics-free-treatment-wildfire-animals-limassol/",
    "date": "July 24, 2025",
    "status": "Active",
    "tags": ["Veterinary", "Animal Care", "Free Treatment", "Emergency Care", "Larnaca"]
  },
  {
    "id": 38,
    "name": "V3ts Veterinary Clinic and Mobile Services",
    "type": "Veterinary Services",
    "helpType": "Free Animal Treatment",
    "amount": "Free veterinary care",
    "details": "Larnaca-based clinic with mobile services providing free emergency treatment for animals affected by wildfire.",
    "contact": "99253372, 24253373",
    "source": "https://in-cyprus.philenews.com/local/cyprus-veterinary-clinics-free-treatment-wildfire-animals-limassol/",
    "date": "July 24, 2025",
    "status": "Active",
    "tags": ["Veterinary", "Animal Care", "Free Treatment", "Emergency Care", "Mobile Services", "Larnaca"]
  },
  {
    "id": 39,
    "name": "Veterinary Clinic - Dr Stavros Onoufriou",
    "type": "Veterinary Services",
    "helpType": "Free Animal Treatment",
    "amount": "Free veterinary care",
    "details": "Dr Stavros Onoufriou in Larnaca providing free emergency treatment for animals affected by wildfire.",
    "contact": "99531449",
    "source": "https://in-cyprus.philenews.com/local/cyprus-veterinary-clinics-free-treatment-wildfire-animals-limassol/",
    "date": "July 24, 2025",
    "status": "Active",
    "tags": ["Veterinary", "Animal Care", "Free Treatment", "Emergency Care", "Larnaca"]
  },
  {
    "id": 40,
    "name": "ZIKKOS' Vet Clinic and Pet Care Centre Ltd",
    "type": "Veterinary Services",
    "helpType": "Free Animal Treatment",
    "amount": "Free veterinary care",
    "details": "Larnaca-based clinic and pet care center providing free emergency treatment for animals affected by wildfire.",
    "contact": "24668255",
    "source": "https://in-cyprus.philenews.com/local/cyprus-veterinary-clinics-free-treatment-wildfire-animals-limassol/",
    "date": "July 24, 2025",
    "status": "Active",
    "tags": ["Veterinary", "Animal Care", "Free Treatment", "Emergency Care", "Pet Care", "Larnaca"]
  },
  {
    "id": 41,
    "name": "CYVETS Veterinary Centre",
    "type": "Veterinary Services",
    "helpType": "Free Animal Treatment",
    "amount": "Free veterinary care",
    "details": "Paphos-based center providing free emergency treatment for animals affected by wildfire.",
    "contact": "26811111",
    "source": "https://in-cyprus.philenews.com/local/cyprus-veterinary-clinics-free-treatment-wildfire-animals-limassol/",
    "date": "July 24, 2025",
    "status": "Active",
    "tags": ["Veterinary", "Animal Care", "Free Treatment", "Emergency Care", "Paphos"]
  },
  {
    "id": 42,
    "name": "Paw Care Veterinary Clinic",
    "type": "Veterinary Services",
    "helpType": "Free Animal Treatment",
    "amount": "Free veterinary care",
    "details": "Famagusta-based clinic providing free emergency treatment for animals affected by wildfire.",
    "contact": "23816060",
    "source": "https://in-cyprus.philenews.com/local/cyprus-veterinary-clinics-free-treatment-wildfire-animals-limassol/",
    "date": "July 24, 2025",
    "status": "Active",
    "tags": ["Veterinary", "Animal Care", "Free Treatment", "Emergency Care", "Famagusta"]
  },
  {
    "id": 43,
    "name": "TakeMeHome.com.cy",
    "type": "Non-Profit Organization",
    "helpType": "Pet Reunification Service",
    "amount": "Free service",
    "details": "Centralized online platform where users can register lost pets and report found animals. Free access for anyone to post information about missing or found pets.",
    "contact": "takemehome.com.cy",
    "source": "https://in-cyprus.philenews.com/local/cyprus-pet-reunification-platform-helps-limassol-fire-victims-lost-animals/",
    "date": "July 25, 2025",
    "status": "Active",
    "tags": ["Non-Profit", "Pet Reunification", "Online Platform", "Free Service", "Animal Welfare"]
  },
  {
    "id": 44,
    "name": "PAWS Protecting Animals Without Shelter",
    "type": "Animal Welfare Organization",
    "helpType": "Foster Homes & Animal Supply Collection",
    "amount": "Foster services",
    "details": "Urgent appeal for foster homes for animals rescued from wildfire zone. Collecting supplies including dog/cat food, towels, bedsheets, pet beds, crates, water, cat litter.",
    "contact": "PAWS organization",
    "source": "https://in-cyprus.philenews.com/local/cyprus-pet-reunification-platform-helps-limassol-fire-victims-lost-animals/",
    "date": "July 25, 2025",
    "status": "Active",
    "tags": ["Animal Welfare", "Foster Homes", "Collection Points", "Animal Supplies", "Emergency Care"]
  },
  {
    "id": 45,
    "name": "Municipality of Amathus",
    "type": "Local Government",
    "helpType": "Shelter & Collection Centre",
    "amount": "Municipal services",
    "details": "Provides shelter and material support. Established collection centre for essential goods at Mouttagiaka primary school and Linopetra high school.",
    "contact": "Evros Drousiotis (99 161161), Andreas Lysandrou (99 968777)",
    "source": "https://cyprus-mail.com/2025/07/24/civil-society-steps-up-to-help-with-wildfire-relief-efforts",
    "date": "July 24, 2025",
    "status": "Active",
    "tags": ["Local Government", "Shelter", "Collection Centre", "Essential Goods", "Municipal Services"]
  },
  {
    "id": 46,
    "name": "Generation for Change",
    "type": "Non-Profit Organization",
    "helpType": "Collection Points for Essential Supplies",
    "amount": "Essential supplies",
    "details": "Established two collection points in Nicosia and Paphos. Most urgently needed items are water, diapers and milk.",
    "contact": "Nicosia: 22100794, Paphos: 94097467, 94097468",
    "source": "https://cyprus-mail.com/2025/07/24/civil-society-steps-up-to-help-with-wildfire-relief-efforts",
    "date": "July 24, 2025",
    "status": "Active",
    "tags": ["NGO", "Collection Points", "Multi-Location", "Essential Supplies", "Water", "Baby Supplies"]
  },
  {
    "id": 47,
    "name": "PEO Trade Union",
    "type": "Trade Union",
    "helpType": "Recreational Facilities for Accommodation",
    "amount": "Accommodation facilities",
    "details": "Made available Pelendri recreational facilities to Civil Defence and Community Authorities for people forced to abandon their homes.",
    "contact": "PEO Trade Union offices",
    "source": "https://in-cyprus.philenews.com/local/cyprus-hotels-free-accommodation-wildfire-victims-unions-support/",
    "date": "July 24, 2025",
    "status": "Active",
    "tags": ["Trade Union", "Accommodation", "Recreational Facilities", "Civil Defence Support"]
  },
  {
    "id": 48,
    "name": "SEK Trade Union",
    "type": "Trade Union",
    "helpType": "Holiday Complexes & Camp Facilities",
    "amount": "Holiday facilities",
    "details": "Offering facilities and holiday complexes in the wider area. Also operates camp facility in Amiantos (children confirmed safe).",
    "contact": "SEK Trade Union offices",
    "source": "https://in-cyprus.philenews.com/local/cyprus-hotels-free-accommodation-wildfire-victims-unions-support/",
    "date": "July 24, 2025",
    "status": "Active",
    "tags": ["Trade Union", "Holiday Complexes", "Camp Facilities", "Multi-Location", "Children Safety"]
  },
  {
    "id": 49,
    "name": "BoConcept Cyprus",
    "type": "Furniture/Home Goods",
    "helpType": "Emergency Furniture Donation",
    "amount": "Furniture donations",
    "details": "Committed to donating emergency furniture including beds and basic essentials. Prioritizing families with elderly individuals and children.",
    "contact": "BoConcept Cyprus",
    "source": "https://www.cbn.com.cy/article/2025/7/25/849785/cyprus-business-community-steps-up-as-wildfires-ravage-the-island/",
    "date": "July 2025",
    "status": "Active",
    "tags": ["Furniture", "Emergency Supplies", "Family Support", "Essential Items"]
  },
  {
    "id": 50,
    "name": "IC Markets EU",
    "type": "Financial Services",
    "helpType": "Essential Goods Collection & Digital Fundraising",
    "amount": "Collection & fundraising",
    "details": "Launched campaign to collect essential goods for affected families. Partnered with Cowin to create digital fundraising platform.",
    "contact": "IC Markets EU",
    "source": "https://www.cbn.com.cy/article/2025/7/25/849785/cyprus-business-community-steps-up-as-wildfires-ravage-the-island/",
    "date": "July 2025",
    "status": "Active",
    "tags": ["Financial Services", "Collection Campaign", "Digital Platform", "Essential Goods"]
  },
  {
    "id": 51,
    "name": "Tickmill",
    "type": "Financial Services",
    "helpType": "Donation Collection Point",
    "amount": "Collection services",
    "details": "Opened donation drop-off point at office in Mesa Geitonia, Limassol. Collecting food, water, hygiene products, baby supplies, clothing, towels, first aid items.",
    "contact": "Mesa Geitonia office, Limassol",
    "source": "https://www.financemagnates.com/forex/xm-ic-markets-tickmill-cfd-brokers-step-up-support-amid-cyprus-wildfires/",
    "date": "July 25, 2025",
    "status": "Active",
    "tags": ["Financial Services", "Collection Point", "Essential Supplies", "Physical Donations"]
  },
  {
    "id": 52,
    "name": "MAS Supermarket",
    "type": "Retail/Supermarket",
    "helpType": "Emergency Supplies",
    "amount": "Emergency supplies",
    "details": "Providing supplies to both emergency personnel and affected residents. Located in Trimiklini area.",
    "contact": "MAS Supermarket, Trimiklini",
    "source": "https://www.cbn.com.cy/article/2025/7/25/849785/cyprus-business-community-steps-up-as-wildfires-ravage-the-island/",
    "date": "July 2025",
    "status": "Active",
    "tags": ["Retail", "Emergency Supplies", "Supermarket", "Community Support"]
  },
  {
    "id": 53,
    "name": "Limassol Chamber of Commerce and Industry",
    "type": "Business Association",
    "helpType": "Coordination & Member Mobilization",
    "amount": "Business coordination",
    "details": "Called on members to contribute financially or otherwise to support those affected by wildfires. Issued circular to mobilize business community.",
    "contact": "Limassol Chamber of Commerce and Industry",
    "source": "https://www.cbn.com.cy/article/2025/7/25/849785/cyprus-business-community-steps-up-as-wildfires-ravage-the-island/",
    "date": "July 2025",
    "status": "Active",
    "tags": ["Business Association", "Coordination", "Member Mobilization", "Financial Support"]
  },
  {
    "id": 54,
    "name": "Government of Cyprus",
    "type": "Government",
    "helpType": "Official Donation Collection",
    "amount": "Financial donations",
    "details": "Opened official bank account for donations to support wildfire victims. Provides secure, official channel for financial contributions.",
    "contact": "IBAN: CY42 0010 0001 0000 0000 0600 1027",
    "source": "https://www.cbn.com.cy/article/2025/7/25/849840/gdev-sets-up-internal-response-hub-for-wildfire-efforts/",
    "date": "July 25, 2025",
    "status": "Active",
    "tags": ["Government", "Official Donations", "Financial Aid", "Banking"]
  },
  {
    "id": 55,
    "name": "Mouttagiaka Primary School",
    "type": "Educational Institution",
    "helpType": "Collection Point for Donations",
    "amount": "Collection services",
    "details": "Serves as collection point for essential goods including non-perishable food, long-life milk, dry goods, nappies, and baby wipes.",
    "contact": "Through Municipality of Amathus coordinators",
    "source": "https://cyprus-mail.com/2025/07/24/civil-society-steps-up-to-help-with-wildfire-relief-efforts",
    "date": "July 24, 2025",
    "status": "Active",
    "tags": ["Education", "Collection Point", "Community Support", "Essential Goods", "School Facility"]
  },
  {
    "id": 56,
    "name": "Linopetra High School",
    "type": "Educational Institution",
    "helpType": "Collection Point for Donations",
    "amount": "Collection services",
    "details": "Serves as collection point for essential goods including non-perishable food, long-life milk, dry goods, nappies, and baby wipes.",
    "contact": "Through Municipality of Amathus coordinators",
    "source": "https://cyprus-mail.com/2025/07/24/civil-society-steps-up-to-help-with-wildfire-relief-efforts",
    "date": "July 24, 2025",
    "status": "Active",
    "tags": ["Education", "Collection Point", "Community Support", "Essential Goods", "School Facility"]
  },
  {
    "id": 57,
    "name": "AEL Limassol",
    "type": "Sports Club",
    "helpType": "Partnership for Essential Goods Collection",
    "amount": "Collection partnership",
    "details": "Partnered with IC Markets EU to launch campaign collecting essential goods for affected families.",
    "contact": "Through IC Markets EU partnership",
    "source": "https://www.financemagnates.com/forex/xm-ic-markets-tickmill-cfd-brokers-step-up-support-amid-cyprus-wildfires/",
    "date": "July 25, 2025",
    "status": "Active",
    "tags": ["Sports", "Partnership", "Essential Goods", "Collection Campaign"]
  },
  {
    "id": 58,
    "name": "Cowin",
    "type": "Technology Platform",
    "helpType": "Digital Fundraising Platform",
    "amount": "Platform services",
    "details": "Partnered with IC Markets EU to set up digital fundraising platform, enabling individuals and organizations across Cyprus to contribute financially.",
    "contact": "Through IC Markets EU partnership",
    "source": "https://www.financemagnates.com/forex/xm-ic-markets-tickmill-cfd-brokers-step-up-support-amid-cyprus-wildfires/",
    "date": "July 25, 2025",
    "status": "Active",
    "tags": ["Technology", "Digital Platform", "Fundraising", "Financial Contributions"]
  },
  {
    "id": 59,
    "name": "Melco Cyprus",
    "type": "Hospitality/Gaming",
    "helpType": "Fire Emergency Response Vehicles",
    "amount": "€250,000",
    "details": "In partnership with CNS Group, donated €250,000 for fire emergency response vehicles and school restoration projects.",
    "contact": "Melco Cyprus",
    "source": "https://www.financialmirror.com/2022/04/05/melco-donates-five-fire-emergency-response-vehicles/",
    "date": "April 2022",
    "status": "Completed",
    "tags": ["Hospitality", "Emergency Vehicles", "Fire Prevention", "School Support", "Partnership"]
  },
  {
    "id": 60,
    "name": "CNS Group",
    "type": "Business Group",
    "helpType": "Fire Emergency Response Vehicles",
    "amount": "€250,000",
    "details": "In partnership with Melco Cyprus, donated €250,000 for fire emergency response vehicles and school restoration projects.",
    "contact": "CNS Group",
    "source": "https://www.financialmirror.com/2022/04/05/melco-donates-five-fire-emergency-response-vehicles/",
    "date": "April 2022",
    "status": "Completed",
    "tags": ["Business Group", "Emergency Vehicles", "Fire Prevention", "School Support", "Partnership"]
  }
]

